tag,status,wall_s,final_step,success_rate,block,config,seed,attempt,finished_at,error
MCC-6_seed1,ok,1928.3,401408,0.0,headline,configs/headline/MCC-6.yaml,1,1,2026-08-07T11:59:33,
MCC-6_seed1000,ok,1959.3,401408,0.0,headline,configs/headline/MCC-6.yaml,1000,1,2026-08-07T12:00:05,
MCC-6_seed0,ok,1964.0,401408,0.0,headline,configs/headline/MCC-6.yaml,0,1,2026-08-07T12:00:09,
TLI-2_seed0,ok,2493.6,499712,0.0,headline,configs/headline/TLI-2.yaml,0,1,2026-08-07T12:08:59,
TLI-2_seed1000,ok,2498.8,499712,0.0,headline,configs/headline/TLI-2.yaml,1000,1,2026-08-07T12:09:03,
TLI-2_seed1,ok,2519.4,499712,0.0,headline,configs/headline/TLI-2.yaml,1,1,2026-08-07T12:09:25,
TLI-1_seed0,ok,3247.0,659456,0.0,headline,configs/headline/TLI-1.yaml,0,1,2026-08-07T12:21:32,
TLI-1_seed1000,ok,3278.8,659456,0.0,headline,configs/headline/TLI-1.yaml,1000,1,2026-08-07T12:22:04,
TLI-1_seed1,ok,3345.1,659456,0.0,headline,configs/headline/TLI-1.yaml,1,1,2026-08-07T12:23:10,
no_lstm_tli_seed0,ok,3431.0,798720,0.0,ablation,configs/ablation/no_lstm_tli.yaml,0,1,2026-08-07T12:24:36,
no_lstm_tli_seed1,ok,3467.6,798720,0.0,ablation,configs/ablation/no_lstm_tli.yaml,1,1,2026-08-07T12:25:13,
no_lstm_tli_seed1000,ok,3497.8,798720,0.0,ablation,configs/ablation/no_lstm_tli.yaml,1000,1,2026-08-07T12:25:43,
TLI-4_seed1,ok,3583.2,798720,0.0,headline,configs/headline/TLI-4.yaml,1,1,2026-08-07T12:27:09,
TLI-4_seed0,ok,3617.8,798720,0.0,headline,configs/headline/TLI-4.yaml,0,1,2026-08-07T12:27:43,
tausweep_tli_d0.65_seed1000,ok,3635.5,798720,0.0,ablation,configs/ablation/tausweep_tli_d0.65.yaml,1000,1,2026-08-07T12:28:01,
TLI-4_seed1000,ok,3637.4,798720,0.0,headline,configs/headline/TLI-4.yaml,1000,1,2026-08-07T12:28:03,
tausweep_tli_d0.7_seed1000,ok,3768.8,798720,0.0,ablation,configs/ablation/tausweep_tli_d0.7.yaml,1000,1,2026-08-07T12:30:13,
no_tau_tli_seed1000,ok,3824.6,798720,0.0,ablation,configs/ablation/no_tau_tli.yaml,1000,1,2026-08-07T12:31:09,
no_tau_tli_seed1,ok,3862.2,798720,0.0,ablation,configs/ablation/no_tau_tli.yaml,1,1,2026-08-07T12:31:47,
TLI-3_seed1,ok,3883.8,798720,0.0,headline,configs/headline/TLI-3.yaml,1,1,2026-08-07T12:32:09,
no_tau_tli_seed0,ok,3883.5,798720,0.0,ablation,configs/ablation/no_tau_tli.yaml,0,1,2026-08-07T12:32:09,
TLI-3_seed0,ok,3926.5,798720,0.0,headline,configs/headline/TLI-3.yaml,0,1,2026-08-07T12:32:51,
no_time_discount_tli_seed0,ok,3933.8,798720,0.0,ablation,configs/ablation/no_time_discount_tli.yaml,0,1,2026-08-07T12:32:59,
no_time_discount_tli_seed1000,ok,3947.5,798720,0.0,ablation,configs/ablation/no_time_discount_tli.yaml,1000,1,2026-08-07T12:33:13,
no_time_discount_tli_seed1,ok,3949.9,798720,0.0,ablation,configs/ablation/no_time_discount_tli.yaml,1,1,2026-08-07T12:33:15,
TLI-3_seed1000,ok,3964.6,798720,1.0,headline,configs/headline/TLI-3.yaml,1000,1,2026-08-07T12:33:29,
tausweep_tli_d0.2_seed1000,ok,3989.5,798720,0.0,ablation,configs/ablation/tausweep_tli_d0.2.yaml,1000,1,2026-08-07T12:33:55,
tausweep_tli_d0.083_seed1000,ok,4044.3,798720,0.0,ablation,configs/ablation/tausweep_tli_d0.083.yaml,1000,1,2026-08-07T12:34:49,
tausweep_mcc_d1000_seed1000,ok,4801.0,602112,0.0,ablation,configs/ablation/tausweep_mcc_d1000.yaml,1000,1,2026-08-07T12:47:26,
no_tau_mcc_seed0,ok,5142.1,602112,0.0,ablation,configs/ablation/no_tau_mcc.yaml,0,1,2026-08-07T12:53:06,
no_tau_mcc_seed1000,ok,5146.7,602112,0.0,ablation,configs/ablation/no_tau_mcc.yaml,1000,1,2026-08-07T12:53:10,
no_tau_mcc_seed1,ok,5156.8,602112,0.0,ablation,configs/ablation/no_tau_mcc.yaml,1,1,2026-08-07T12:53:22,
tausweep_tli_d1_seed1000,ok,3431.6,798720,0.0,ablation,configs/ablation/tausweep_tli_d1.yaml,1000,1,2026-08-07T12:56:48,
tausweep_mcc_d60_seed1000,ok,5613.0,602112,0.0,ablation,configs/ablation/tausweep_mcc_d60.yaml,1000,1,2026-08-07T13:00:59,
tausweep_mcc_d10_seed1000,ok,5722.8,602112,0.0,ablation,configs/ablation/tausweep_mcc_d10.yaml,1000,1,2026-08-07T13:02:47,
TLI-noise_seed0,ok,3252.5,798720,0.0,noise,configs/noise/TLI-noise.yaml,0,1,2026-08-07T13:03:43,
TLI-noise_seed1000,ok,3355.9,798720,0.0625,noise,configs/noise/TLI-noise.yaml,1000,1,2026-08-07T13:05:03,
MCC-3_seed1000,failed,2.0,569344,1.0,headline,configs/headline/MCC-3.yaml,1000,2,2026-08-07T13:07:05,exit code 1
TLI-noise_seed1,ok,2737.4,798720,0.0,noise,configs/noise/TLI-noise.yaml,1,1,2026-08-07T15:14:09,
MCC-4_seed0,ok,4316.8,602112,1.0,headline,configs/headline/MCC-4.yaml,0,1,2026-08-07T15:40:29,
MCC-4_seed1000,ok,4321.4,602112,0.0,headline,configs/headline/MCC-4.yaml,1000,1,2026-08-07T15:40:33,
no_lstm_mcc_seed1,ok,4332.1,602112,1.0,ablation,configs/ablation/no_lstm_mcc.yaml,1,1,2026-08-07T15:40:45,
no_lstm_mcc_seed1000,ok,4383.6,602112,1.0,ablation,configs/ablation/no_lstm_mcc.yaml,1000,1,2026-08-07T15:41:35,
no_lstm_mcc_seed0,ok,4399.9,602112,1.0,ablation,configs/ablation/no_lstm_mcc.yaml,0,1,2026-08-07T15:41:51,
MCC-4_seed1,ok,4402.5,602112,0.0,headline,configs/headline/MCC-4.yaml,1,1,2026-08-07T15:41:55,
MCC-5_seed0,ok,4460.9,602112,0.0,headline,configs/headline/MCC-5.yaml,0,1,2026-08-07T15:42:53,
MCC-1_seed1,ok,4505.8,602112,1.0,headline,configs/headline/MCC-1.yaml,1,1,2026-08-07T15:43:37,
MCC-2_seed0,ok,4533.2,602112,1.0,headline,configs/headline/MCC-2.yaml,0,1,2026-08-07T15:44:05,
MCC-1_seed0,ok,4535.9,602112,1.0,headline,configs/headline/MCC-1.yaml,0,1,2026-08-07T15:44:07,
MCC-2_seed1000,ok,4535.2,602112,1.0,headline,configs/headline/MCC-2.yaml,1000,1,2026-08-07T15:44:07,
MCC-5_seed1000,ok,4536.9,602112,0.0,headline,configs/headline/MCC-5.yaml,1000,1,2026-08-07T15:44:09,
MCC-1_seed1000,ok,4538.9,602112,1.0,headline,configs/headline/MCC-1.yaml,1000,1,2026-08-07T15:44:11,
MCC-2_seed1,ok,4561.1,602112,1.0,headline,configs/headline/MCC-2.yaml,1,1,2026-08-07T15:44:33,
MCC-3_seed1,ok,4565.0,602112,1.0,headline,configs/headline/MCC-3.yaml,1,1,2026-08-07T15:44:37,
MCC-5_seed1,ok,4571.0,602112,1.0,headline,configs/headline/MCC-5.yaml,1,1,2026-08-07T15:44:43,
MCC-3_seed0,ok,4607.5,602112,1.0,headline,configs/headline/MCC-3.yaml,0,1,2026-08-07T15:45:19,
tausweep_mcc_d3000_seed1000,ok,4613.3,602112,1.0,ablation,configs/ablation/tausweep_mcc_d3000.yaml,1000,1,2026-08-07T15:45:25,
MCC-noise_seed1,ok,4713.5,602112,0.25,noise,configs/noise/MCC-noise.yaml,1,1,2026-08-07T15:47:05,
MCC-noise_seed1000,ok,4740.0,602112,0.25,noise,configs/noise/MCC-noise.yaml,1000,1,2026-08-07T15:47:31,
MCC-noise_seed0,ok,4753.7,602112,0.25,noise,configs/noise/MCC-noise.yaml,0,1,2026-08-07T15:47:45,
no_time_discount_mcc_seed1,ok,5000.2,602112,0.0,ablation,configs/ablation/no_time_discount_mcc.yaml,1,1,2026-08-07T15:51:51,
no_time_discount_mcc_seed0,ok,5069.3,602112,0.0,ablation,configs/ablation/no_time_discount_mcc.yaml,0,1,2026-08-07T15:53:01,
no_time_discount_mcc_seed1000,ok,5153.6,602112,0.0,ablation,configs/ablation/no_time_discount_mcc.yaml,1000,1,2026-08-07T15:54:26,
